.metric,.estimator,.estimate
rmse,standard,105.10865799085576
rsq,standard,0.8591269252044774
mae,standard,82.53540431153944
