variable,media,desviacion
miembros,3.9979999999999998,1.7604246916852455
edad_jefe,46.043121149897324,13.367006612457486
transferencias,83.63325145894079,67.05988943281285
